<?xml version="1.0" encoding="utf-8"?>
<!DOCTYPE hibernate-mapping PUBLIC "-//Hibernate/Hibernate Mapping DTD 3.0//EN"
"http://www.hibernate.org/dtd/hibernate-mapping-3.0.dtd">
<!-- 
    Mapping file autogenerated by MyEclipse Persistence Tools
-->
<hibernate-mapping>
    <class name="com.phone.dao.Phone" table="phone" catalog="phone">
        <id name="id" type="java.lang.Integer">
            <column name="id" />
            <generator class="assigned" />
        </id>
        <property name="type" type="java.lang.Integer">
            <column name="type" not-null="true" />
        </property>
        <property name="money" type="java.lang.Double">
            <column name="money" precision="7" not-null="true" />
        </property>
        <property name="name" type="java.lang.String">
            <column name="name" length="11" not-null="true" />
        </property>
    </class>
</hibernate-mapping>
