<?xml version="1.0" encoding="utf-8"?>
<!DOCTYPE hibernate-mapping PUBLIC "-//Hibernate/Hibernate Mapping DTD 3.0//EN"
"http://www.hibernate.org/dtd/hibernate-mapping-3.0.dtd">
<!-- 
    Mapping file autogenerated by MyEclipse Persistence Tools
-->
<hibernate-mapping>
    <class name="com.phone.dao.Type" table="type" catalog="phone">
        <id name="type" type="java.lang.Integer">
            <column name="type" />
            <generator class="assigned" />
        </id>
        <property name="name" type="java.lang.String">
            <column name="name" length="25" not-null="true" />
        </property>
    </class>
</hibernate-mapping>
